feature,mean_abs_shap,lgbm_gain
sttl,3.6914448463641585,0.5267077677896953
ct_state_ttl,0.9794999064225377,0.08785606512554843
service_dns,0.7231040408312972,0.0051977174774714705
ct_dst_sport_ltm,0.7083048576819186,0.011187395882154607
byte_ratio,0.511445771660968,0.05046237368030621
ct_srv_dst,0.35779032904783087,0.05867887135302541
sbytes,0.3451397088787657,0.04408663415340882
proto_unas,0.3033902490196846,0.0035002976800986452
dload,0.25468243747487224,0.009461178427214105
ct_srv_src,0.24361457223317629,0.0193110874636211
ct_dst_src_ltm,0.19975216939864268,0.024732139627528307
dbytes,0.13880234830599525,0.009841202534743597
bytes_per_pkt,0.13697945036394024,0.024182690659585237
total_bytes,0.1326766026694932,0.00898613953050649
smean,0.13149539489076606,0.015060933939778908
state_INT,0.12487851048317729,0.0022405652052499164
dttl,0.10521591379486511,0.0031623408591456717
dmean,0.09545531669797938,0.008730629008607566
proto_udp,0.0943729928410522,0.0027883679243758783
ct_src_ltm,0.09303599597729266,0.0036828244382535024
dur,0.08131870348651085,0.004690440902870623
sinpkt,0.07871195796504842,0.0034748631810660293
ct_dst_ltm,0.07729459118496547,0.0028162501764268087
service_none,0.0766508462306949,0.0016954282474447569
spkts,0.06523788903575528,0.002916724765605387
ct_src_dport_ltm,0.062312590976087184,0.002729813454563723
sloss,0.06225039496766827,0.0036602688948477223
djit,0.0569239521958226,0.003866894132466888
sload,0.05316008913273181,0.005822538212308575
synack,0.05048240162355986,0.005590375477726891
tcprtt,0.048165676138298426,0.0060425005648193225
sjit,0.04568979592086438,0.0033876077568726066
rate,0.04481884626606142,0.0030102836763372257
src_byte_share,0.03608077611936526,0.0021000967448782638
state_CON,0.03269763915924638,0.0014259852115257826
dloss,0.032542491282377045,0.001741597243113646
ackdat,0.03057942157556337,0.004248800197781471
proto_arp,0.029860435333085262,0.0010561413562050622
bytes_per_sec,0.029708002138958318,0.0020476731193494876
proto_ospf,0.0278833930871049,0.00034021195424532803
dinpkt,0.02570098647808436,0.002808574510250023
dpkts,0.024215739982653625,0.0025384931175912295
pkts_per_sec,0.024034785540680007,0.0010108017959296375
proto_sctp,0.022334488835517235,0.0008968325090945983
response_body_len,0.02004540382226192,0.001246149602680036
swin,0.019090964875598953,0.00047073199193137493
ct_flw_http_mthd,0.019053228075619693,0.0010121269310007204
trans_depth,0.01894821062236497,0.0014406763138339854
service_http,0.01826968451056486,0.0023768448812049813
total_pkts,0.0161069842137802,0.0008983479255191368
service_smtp,0.01394024041212619,0.00016840581057796998
is_sm_ips_ports,0.01289625483944738,0.0010138514752323594
proto_infrequent_sklearn,0.005126415633175294,0.00047365636000972324
proto_tcp,0.0044521529953203106,0.00012989913567020307
state_REQ,0.003966080100564926,0.000132842963650805
service_ftp-data,0.0033958139170141136,3.4196600145971936e-05
state_FIN,0.002898967504340707,2.697905674966603e-06
proto_ipv6,0.0021438645315955624,3.5341110091091584e-05
is_ftp_login,0.0014358954396414016,4.425379924345724e-05
service_ftp,0.001297498873690461,0.0001315510211427919
proto_sep,0.0012152162154329068,2.4984242263260017e-05
proto_swipe,0.0006251244985907103,0.0001365755483757545
state_infrequent_sklearn,0.0004467558916330488,0.00010732570055798413
service_pop3,0.00044571730179546323,1.3409504507081814e-05
ct_ftp_cmd,0.00042535272531754955,1.09726534365333e-05
proto_sun-nd,0.0003089003553743877,0.00013554431891213084
service_infrequent_sklearn,0.0002810472109653993,1.981102524415264e-05
proto_mobile,0.00026770793277213585,0.00012830156896085775
proto_pim,6.804726225469243e-05,1.811641503016617e-05
proto_rvd,6.696105078886882e-05,1.6965231462205374e-05
proto_ib,0.0,0.0
proto_gre,0.0,0.0
proto_i-nlsp,0.0,0.0
proto_fc,0.0,0.0
proto_etherip,0.0,0.0
proto_fire,0.0,0.0
proto_gmtp,0.0,0.0
proto_iatp,0.0,0.0
proto_aes-sp3-d,0.0,0.0
proto_a/n,0.0,0.0
dwin,0.0,0.0
proto_aris,0.0,0.0
proto_ax.25,0.0,0.0
proto_bna,0.0,0.0
proto_br-sat-mon,0.0,0.0
proto_cftp,0.0,0.0
proto_compaq-peer,0.0,0.0
proto_cphb,0.0,0.0
proto_cpnx,0.0,0.0
proto_crudp,0.0,0.0
proto_ddp,0.0,0.0
proto_ddx,0.0,0.0
proto_dgp,0.0,0.0
proto_eigrp,0.0,0.0
proto_encap,0.0,0.0
proto_any,0.0,0.0
proto_3pc,0.0,0.0
proto_micp,0.0,0.0
proto_mhrp,0.0,0.0
proto_mfe-nsp,0.0,0.0
proto_merit-inp,0.0,0.0
proto_l2tp,0.0,0.0
proto_larp,0.0,0.0
proto_kryptolan,0.0,0.0
proto_iso-ip,0.0,0.0
proto_ipv6-opts,0.0,0.0
proto_isis,0.0,0.0
proto_ipx-n-ip,0.0,0.0
proto_ipv6-route,0.0,0.0
proto_ipv6-frag,0.0,0.0
proto_ipv6-no,0.0,0.0
proto_iplt,0.0,0.0
proto_ippc,0.0,0.0
proto_idpr-cmtp,0.0,0.0
proto_idpr,0.0,0.0
proto_ipip,0.0,0.0
proto_ipcv,0.0,0.0
proto_ipcomp,0.0,0.0
proto_il,0.0,0.0
proto_ifmp,0.0,0.0
proto_idrp,0.0,0.0
proto_pnni,0.0,0.0
proto_pri-enc,0.0,0.0
proto_pvp,0.0,0.0
proto_ptp,0.0,0.0
proto_nsfnet-igp,0.0,0.0
proto_pgm,0.0,0.0
proto_pipe,0.0,0.0
proto_narp,0.0,0.0
proto_srp,0.0,0.0
proto_stp,0.0,0.0
proto_sprite-rpc,0.0,0.0
proto_sps,0.0,0.0
proto_snp,0.0,0.0
proto_smp,0.0,0.0
proto_skip,0.0,0.0
proto_sm,0.0,0.0
proto_sccopmce,0.0,0.0
proto_scps,0.0,0.0
proto_secure-vmtp,0.0,0.0
proto_sdrp,0.0,0.0
proto_qnx,0.0,0.0
proto_rsvp,0.0,0.0
proto_sat-expak,0.0,0.0
proto_sat-mon,0.0,0.0
proto_mtp,0.0,0.0
proto_xtp,0.0,0.0
proto_wb-mon,0.0,0.0
proto_wb-expak,0.0,0.0
proto_vrrp,0.0,0.0
proto_wsn,0.0,0.0
proto_visa,0.0,0.0
proto_vines,0.0,0.0
proto_uti,0.0,0.0
proto_ttp,0.0,0.0
proto_tlsp,0.0,0.0
proto_tp++,0.0,0.0
proto_tcf,0.0,0.0
proto_vmtp,0.0,0.0
proto_zero,0.0,0.0
service_ssh,0.0,0.0
