feature,rf_importance
dur,0.026128882579794142
spkts,0.0
dpkts,0.0
sbytes,0.02491991024108001
dbytes,0.026311378868325287
rate,0.036840364006776344
sload,0.03712353041170882
dload,0.043295367858377024
sloss,0.0
dloss,0.0
sinpkt,0.0
dinpkt,0.0
sjit,0.0
djit,0.0
tcprtt,0.0
synack,0.026887883051502342
ackdat,0.02772219934102666
smean,0.0
dmean,0.02948997864593052
trans_depth,0.0
response_body_len,0.0
ct_srv_src,0.0
ct_dst_ltm,0.0
ct_src_dport_ltm,0.0
ct_dst_sport_ltm,0.0
ct_dst_src_ltm,0.02612887502203509
is_ftp_login,0.0
ct_ftp_cmd,0.0
ct_flw_http_mthd,0.0
ct_src_ltm,0.0
ct_srv_dst,0.02828856104831113
is_sm_ips_ports,0.0
total_bytes,0.033470829164366785
total_pkts,0.0
bytes_per_sec,0.02404668143888013
pkts_per_sec,0.02675368066818378
byte_ratio,0.062054374475949844
bytes_per_pkt,0.025742717655668733
sttl,0.09373895467818132
dttl,0.038551262487951286
swin,0.0
dwin,0.0
ct_state_ttl,0.07592749409342198
src_byte_share,0.02668082839610114
proto_3pc,0.0
proto_a/n,0.0
proto_aes-sp3-d,0.0
proto_any,0.0
proto_aris,0.0
proto_arp,0.0
proto_ax.25,0.0
proto_bna,0.0
proto_br-sat-mon,0.0
proto_cftp,0.0
proto_compaq-peer,0.0
proto_cphb,0.0
proto_cpnx,0.0
proto_crudp,0.0
proto_ddp,0.0
proto_ddx,0.0
proto_dgp,0.0
proto_eigrp,0.0
proto_encap,0.0
proto_etherip,0.0
proto_fc,0.0
proto_fire,0.0
proto_gmtp,0.0
proto_gre,0.0
proto_i-nlsp,0.0
proto_iatp,0.0
proto_ib,0.0
proto_idpr,0.0
proto_idpr-cmtp,0.0
proto_idrp,0.0
proto_ifmp,0.0
proto_il,0.0
proto_ipcomp,0.0
proto_ipcv,0.0
proto_ipip,0.0
proto_iplt,0.0
proto_ippc,0.0
proto_ipv6,0.0
proto_ipv6-frag,0.0
proto_ipv6-no,0.0
proto_ipv6-opts,0.0
proto_ipv6-route,0.0
proto_ipx-n-ip,0.0
proto_isis,0.0
proto_iso-ip,0.0
proto_kryptolan,0.0
proto_l2tp,0.0
proto_larp,0.0
proto_merit-inp,0.0
proto_mfe-nsp,0.0
proto_mhrp,0.0
proto_micp,0.0
proto_mobile,0.0
proto_mtp,0.0
proto_narp,0.0
proto_nsfnet-igp,0.0
proto_ospf,0.0
proto_pgm,0.0
proto_pim,0.0
proto_pipe,0.0
proto_pnni,0.0
proto_pri-enc,0.0
proto_ptp,0.0
proto_pvp,0.0
proto_qnx,0.0
proto_rsvp,0.0
proto_rvd,0.0
proto_sat-expak,0.0
proto_sat-mon,0.0
proto_sccopmce,0.0
proto_scps,0.0
proto_sctp,0.0
proto_sdrp,0.0
proto_secure-vmtp,0.0
proto_sep,0.0
proto_skip,0.0
proto_sm,0.0
proto_smp,0.0
proto_snp,0.0
proto_sprite-rpc,0.0
proto_sps,0.0
proto_srp,0.0
proto_stp,0.0
proto_sun-nd,0.0
proto_swipe,0.0
proto_tcf,0.0
proto_tcp,0.0
proto_tlsp,0.0
proto_tp++,0.0
proto_ttp,0.0
proto_udp,0.0
proto_unas,0.0
proto_uti,0.0
proto_vines,0.0
proto_visa,0.0
proto_vmtp,0.0
proto_vrrp,0.0
proto_wb-expak,0.0
proto_wb-mon,0.0
proto_wsn,0.0
proto_xtp,0.0
proto_zero,0.0
proto_infrequent_sklearn,0.0
service_dns,0.0
service_ftp,0.0
service_ftp-data,0.0
service_http,0.0
service_none,0.0
service_pop3,0.0
service_smtp,0.0
service_ssh,0.0
service_infrequent_sklearn,0.0
state_CON,0.0
state_FIN,0.0
state_INT,0.0
state_REQ,0.0
state_infrequent_sklearn,0.0
