state,attack_cat,flows
ACC,Exploits,1
ACC,Fuzzers,1
ACC,Normal,2
CLO,Reconnaissance,1
CON,Analysis,9
CON,Backdoor,63
CON,DoS,407
CON,Exploits,777
CON,Fuzzers,41
CON,Generic,44
CON,Normal,18732
CON,Reconnaissance,58
CON,Shellcode,1
CON,Worms,2
ECO,Normal,12
FIN,Analysis,621
FIN,Backdoor,323
FIN,DoS,3237
FIN,Exploits,27317
FIN,Fuzzers,15461
FIN,Generic,1002
FIN,Normal,61347
FIN,Reconnaissance,6956
FIN,Shellcode,749
FIN,Worms,151
INT,Analysis,2027
INT,Backdoor,1898
INT,DoS,12439
INT,Exploits,16013
INT,Fuzzers,8367
INT,Generic,57809
INT,Normal,10200
INT,Reconnaissance,6903
INT,Shellcode,761
INT,Worms,21
NO,Normal,1
PAR,Normal,1
REQ,Analysis,20
REQ,Backdoor,45
REQ,DoS,268
REQ,Exploits,410
REQ,Fuzzers,376
REQ,Generic,15
REQ,Normal,2632
REQ,Reconnaissance,67
RST,DoS,2
RST,Exploits,7
RST,Generic,1
RST,Normal,72
RST,Reconnaissance,2
URN,Normal,1
