dur_bin,attack_cat,flows,dur_bin_order
0s,Analysis,1,0
0s,Backdoor,1,0
0s,DoS,11,0
0s,Exploits,15,0
0s,Fuzzers,20,0
0s,Generic,11,0
0s,Normal,3543,0
0s,Reconnaissance,5,0
<1ms,Analysis,1945,1
<1ms,Backdoor,1753,1
<1ms,DoS,11569,1
<1ms,Exploits,14665,1
<1ms,Fuzzers,7978,1
<1ms,Generic,57749,1
<1ms,Normal,9833,1
<1ms,Reconnaissance,6708,1
<1ms,Shellcode,761,1
<1ms,Worms,21,1
1-10ms,Backdoor,1,2
1-10ms,DoS,8,2
1-10ms,Exploits,13,2
1-10ms,Normal,18087,2
10-100ms,Backdoor,16,3
10-100ms,DoS,56,3
10-100ms,Exploits,131,3
10-100ms,Fuzzers,3,3
10-100ms,Generic,5,3
10-100ms,Normal,18254,3
10-100ms,Reconnaissance,6,3
0.1-1s,Analysis,398,4
0.1-1s,Backdoor,289,4
0.1-1s,DoS,2306,4
0.1-1s,Exploits,14865,4
0.1-1s,Fuzzers,9497,4
0.1-1s,Generic,597,4
0.1-1s,Normal,26183,4
0.1-1s,Reconnaissance,4629,4
0.1-1s,Shellcode,636,4
0.1-1s,Worms,103,4
1-10s,Analysis,257,5
1-10s,Backdoor,155,5
1-10s,DoS,1579,5
1-10s,Exploits,13403,5
1-10s,Fuzzers,5584,5
1-10s,Generic,446,5
1-10s,Normal,15373,5
1-10s,Reconnaissance,2462,5
1-10s,Shellcode,112,5
1-10s,Worms,49,5
>=10s,Analysis,76,6
>=10s,Backdoor,114,6
>=10s,DoS,824,6
>=10s,Exploits,1433,6
>=10s,Fuzzers,1164,6
>=10s,Generic,63,6
>=10s,Normal,1727,6
>=10s,Reconnaissance,177,6
>=10s,Shellcode,2,6
>=10s,Worms,1,6
