attack_cat,flows,avg_sbytes,avg_dbytes,avg_dur,avg_spkts,avg_rate,train_flows,test_flows,severity_weight,severity_level,description,pct_of_all_flows
Analysis,2677,839.6451,296.1845,1.4169,5.3549,147808.3213,2000,677,0.45,Low,"Port scans, spam and HTML-file penetration attempts",1.039
Backdoor,2329,1520.8617,295.2941,2.2246,6.7673,149210.0492,1746,583,0.95,Critical,Bypasses authentication to give covert persistent access,0.904
DoS,16353,18360.7938,21747.1337,2.4488,24.1173,146165.897,12264,4089,0.75,High,Attempts to make a service or host unavailable,6.346
Exploits,44525,29655.0041,17748.0419,2.1229,33.962,67962.7102,33393,11132,0.85,High,"Exploitation of known vulnerabilities (OS, apps, services)",17.28
Fuzzers,24246,6764.3026,518.7721,2.6739,13.7648,67276.1511,18184,6062,0.4,Low,Feeding random data to crash or find bugs in programs/networks,9.41
Generic,58871,446.289,1319.714,0.0612,2.5768,209833.2008,40000,18871,0.6,Medium,Technique that works against block ciphers regardless of structure,22.847
Normal,93000,4092.4444,26138.1974,1.0154,27.5632,19588.2902,56000,37000,0.0,None,Benign traffic,36.092
Reconnaissance,13987,751.3813,1797.0892,1.005,7.0346,99718.7265,10491,3496,0.5,Medium,Scanning / probing to gather information about targets,5.428
Shellcode,1511,532.8352,146.3997,0.3629,5.9649,99145.5781,1133,378,0.9,Critical,Payload used to exploit a vulnerability and gain a shell,0.586
Worms,174,2255.7759,76965.4655,1.3333,18.2184,20873.6192,130,44,1.0,Critical,Self-replicating malware that spreads to other hosts,0.068
