proto,service,attack_cat,flows,attack_flows
3pc,none,Analysis,8,8
3pc,none,Backdoor,7,7
3pc,none,DoS,44,44
3pc,none,Exploits,55,55
3pc,none,Fuzzers,10,10
3pc,none,Generic,1,1
3pc,none,Reconnaissance,7,7
a/n,none,Analysis,8,8
a/n,none,Backdoor,7,7
a/n,none,DoS,44,44
a/n,none,Exploits,55,55
a/n,none,Fuzzers,10,10
a/n,none,Generic,1,1
a/n,none,Reconnaissance,7,7
aes-sp3-d,none,Analysis,8,8
aes-sp3-d,none,Backdoor,7,7
aes-sp3-d,none,DoS,44,44
aes-sp3-d,none,Exploits,55,55
aes-sp3-d,none,Fuzzers,10,10
aes-sp3-d,none,Generic,1,1
aes-sp3-d,none,Reconnaissance,7,7
any,none,Analysis,24,24
any,none,Backdoor,21,21
any,none,DoS,132,132
any,none,Exploits,165,165
any,none,Fuzzers,30,30
any,none,Generic,3,3
any,none,Reconnaissance,21,21
argus,none,Analysis,8,8
argus,none,Backdoor,7,7
argus,none,DoS,44,44
argus,none,Exploits,55,55
argus,none,Fuzzers,10,10
argus,none,Reconnaissance,7,7
aris,none,Analysis,8,8
aris,none,Backdoor,7,7
aris,none,DoS,44,44
aris,none,Exploits,55,55
aris,none,Fuzzers,10,10
aris,none,Generic,1,1
aris,none,Reconnaissance,7,7
arp,none,Normal,3846,0
ax.25,none,Analysis,8,8
ax.25,none,Backdoor,7,7
ax.25,none,DoS,44,44
ax.25,none,Exploits,55,55
ax.25,none,Fuzzers,10,10
ax.25,none,Generic,1,1
ax.25,none,Reconnaissance,7,7
bbn-rcc,none,Analysis,8,8
bbn-rcc,none,Backdoor,7,7
bbn-rcc,none,DoS,44,44
bbn-rcc,none,Exploits,55,55
bbn-rcc,none,Fuzzers,10,10
bbn-rcc,none,Generic,1,1
bbn-rcc,none,Reconnaissance,7,7
bna,none,Analysis,8,8
bna,none,Backdoor,7,7
bna,none,DoS,44,44
bna,none,Exploits,55,55
bna,none,Fuzzers,10,10
bna,none,Generic,1,1
bna,none,Reconnaissance,7,7
br-sat-mon,none,Analysis,8,8
br-sat-mon,none,Backdoor,7,7
br-sat-mon,none,DoS,44,44
br-sat-mon,none,Exploits,55,55
br-sat-mon,none,Fuzzers,10,10
br-sat-mon,none,Generic,1,1
br-sat-mon,none,Reconnaissance,7,7
cbt,none,Analysis,8,8
cbt,none,Backdoor,7,7
cbt,none,DoS,44,44
cbt,none,Exploits,55,55
cbt,none,Fuzzers,10,10
cbt,none,Generic,1,1
cbt,none,Reconnaissance,7,7
cftp,none,Analysis,8,8
cftp,none,Backdoor,7,7
cftp,none,DoS,44,44
cftp,none,Exploits,55,55
cftp,none,Fuzzers,10,10
cftp,none,Generic,1,1
cftp,none,Reconnaissance,7,7
chaos,none,Analysis,8,8
chaos,none,Backdoor,7,7
chaos,none,DoS,44,44
chaos,none,Exploits,55,55
chaos,none,Fuzzers,10,10
chaos,none,Generic,1,1
chaos,none,Reconnaissance,7,7
compaq-peer,none,Analysis,8,8
compaq-peer,none,Backdoor,7,7
compaq-peer,none,DoS,44,44
compaq-peer,none,Exploits,55,55
compaq-peer,none,Fuzzers,10,10
compaq-peer,none,Generic,1,1
compaq-peer,none,Reconnaissance,7,7
cphb,none,Analysis,8,8
cphb,none,Backdoor,7,7
cphb,none,DoS,44,44
cphb,none,Exploits,55,55
cphb,none,Fuzzers,10,10
cphb,none,Generic,1,1
cphb,none,Reconnaissance,7,7
cpnx,none,Analysis,8,8
cpnx,none,Backdoor,7,7
cpnx,none,DoS,44,44
cpnx,none,Exploits,55,55
cpnx,none,Fuzzers,10,10
cpnx,none,Generic,1,1
cpnx,none,Reconnaissance,7,7
crtp,none,Analysis,8,8
crtp,none,Backdoor,7,7
crtp,none,DoS,44,44
crtp,none,Exploits,55,55
crtp,none,Fuzzers,10,10
crtp,none,Reconnaissance,7,7
crudp,none,Analysis,8,8
crudp,none,Backdoor,7,7
crudp,none,DoS,44,44
crudp,none,Exploits,55,55
crudp,none,Fuzzers,10,10
crudp,none,Generic,1,1
crudp,none,Reconnaissance,7,7
dcn,none,Analysis,8,8
dcn,none,Backdoor,7,7
dcn,none,DoS,44,44
dcn,none,Exploits,55,55
dcn,none,Fuzzers,10,10
dcn,none,Generic,1,1
dcn,none,Reconnaissance,7,7
ddp,none,Analysis,8,8
ddp,none,Backdoor,7,7
ddp,none,DoS,44,44
ddp,none,Exploits,55,55
ddp,none,Fuzzers,10,10
ddp,none,Generic,1,1
ddp,none,Reconnaissance,7,7
ddx,none,Analysis,8,8
ddx,none,Backdoor,7,7
ddx,none,DoS,44,44
ddx,none,Exploits,55,55
ddx,none,Fuzzers,10,10
ddx,none,Generic,1,1
ddx,none,Reconnaissance,7,7
dgp,none,Analysis,8,8
dgp,none,Backdoor,7,7
dgp,none,DoS,44,44
dgp,none,Exploits,55,55
dgp,none,Fuzzers,10,10
dgp,none,Generic,1,1
dgp,none,Reconnaissance,7,7
egp,none,Analysis,8,8
egp,none,Backdoor,7,7
egp,none,DoS,44,44
egp,none,Exploits,55,55
egp,none,Fuzzers,10,10
egp,none,Reconnaissance,7,7
eigrp,none,Analysis,8,8
eigrp,none,Backdoor,7,7
eigrp,none,DoS,44,44
eigrp,none,Exploits,55,55
eigrp,none,Fuzzers,10,10
eigrp,none,Generic,1,1
eigrp,none,Reconnaissance,7,7
emcon,none,Analysis,8,8
emcon,none,Backdoor,7,7
emcon,none,DoS,44,44
emcon,none,Exploits,55,55
emcon,none,Fuzzers,10,10
emcon,none,Generic,1,1
emcon,none,Reconnaissance,7,7
encap,none,Analysis,8,8
encap,none,Backdoor,7,7
encap,none,DoS,44,44
encap,none,Exploits,55,55
encap,none,Fuzzers,10,10
encap,none,Generic,1,1
encap,none,Reconnaissance,7,7
etherip,none,Analysis,8,8
etherip,none,Backdoor,7,7
etherip,none,DoS,44,44
etherip,none,Exploits,55,55
etherip,none,Fuzzers,10,10
etherip,none,Generic,1,1
etherip,none,Reconnaissance,7,7
fc,none,Analysis,8,8
fc,none,Backdoor,7,7
fc,none,DoS,44,44
fc,none,Exploits,55,55
fc,none,Fuzzers,10,10
fc,none,Generic,1,1
fc,none,Reconnaissance,7,7
fire,none,Analysis,8,8
fire,none,Backdoor,7,7
fire,none,DoS,44,44
fire,none,Exploits,55,55
fire,none,Fuzzers,10,10
fire,none,Generic,1,1
fire,none,Reconnaissance,7,7
ggp,none,Analysis,8,8
ggp,none,Backdoor,7,7
ggp,none,DoS,44,44
ggp,none,Exploits,55,55
ggp,none,Fuzzers,10,10
ggp,none,Generic,1,1
ggp,none,Reconnaissance,7,7
gmtp,none,Analysis,8,8
gmtp,none,Backdoor,7,7
gmtp,none,DoS,44,44
gmtp,none,Exploits,55,55
gmtp,none,Fuzzers,10,10
gmtp,none,Generic,1,1
gmtp,none,Reconnaissance,7,7
gre,none,Analysis,14,14
gre,none,Backdoor,15,15
gre,none,DoS,107,107
gre,none,Exploits,137,137
gre,none,Fuzzers,18,18
gre,none,Generic,3,3
gre,none,Reconnaissance,19,19
hmp,none,Analysis,8,8
hmp,none,Backdoor,7,7
hmp,none,DoS,44,44
hmp,none,Exploits,55,55
hmp,none,Fuzzers,10,10
hmp,none,Reconnaissance,7,7
i-nlsp,none,Analysis,8,8
i-nlsp,none,Backdoor,7,7
i-nlsp,none,DoS,44,44
i-nlsp,none,Exploits,55,55
i-nlsp,none,Fuzzers,10,10
i-nlsp,none,Generic,1,1
i-nlsp,none,Reconnaissance,7,7
iatp,none,Analysis,8,8
iatp,none,Backdoor,7,7
iatp,none,DoS,44,44
iatp,none,Exploits,55,55
iatp,none,Fuzzers,10,10
iatp,none,Generic,1,1
iatp,none,Reconnaissance,7,7
ib,none,Analysis,8,8
ib,none,Backdoor,7,7
ib,none,DoS,44,44
ib,none,Exploits,55,55
ib,none,Fuzzers,10,10
ib,none,Generic,1,1
ib,none,Reconnaissance,7,7
icmp,none,Normal,15,0
idpr,none,Analysis,8,8
idpr,none,Backdoor,7,7
idpr,none,DoS,44,44
idpr,none,Exploits,55,55
idpr,none,Fuzzers,10,10
idpr,none,Generic,1,1
idpr,none,Reconnaissance,7,7
idpr-cmtp,none,Analysis,8,8
idpr-cmtp,none,Backdoor,7,7
idpr-cmtp,none,DoS,44,44
idpr-cmtp,none,Exploits,55,55
idpr-cmtp,none,Fuzzers,10,10
idpr-cmtp,none,Generic,1,1
idpr-cmtp,none,Reconnaissance,7,7
idrp,none,Analysis,8,8
idrp,none,Backdoor,7,7
idrp,none,DoS,44,44
idrp,none,Exploits,55,55
idrp,none,Fuzzers,10,10
idrp,none,Generic,1,1
idrp,none,Reconnaissance,7,7
ifmp,none,Analysis,8,8
ifmp,none,Backdoor,7,7
ifmp,none,DoS,44,44
ifmp,none,Exploits,55,55
ifmp,none,Fuzzers,10,10
ifmp,none,Generic,1,1
ifmp,none,Reconnaissance,7,7
igmp,none,Normal,48,0
igp,none,Analysis,8,8
igp,none,Backdoor,7,7
igp,none,DoS,44,44
igp,none,Exploits,55,55
igp,none,Fuzzers,10,10
igp,none,Generic,1,1
igp,none,Reconnaissance,7,7
il,none,Analysis,8,8
il,none,Backdoor,7,7
il,none,DoS,44,44
il,none,Exploits,55,55
il,none,Fuzzers,10,10
il,none,Generic,1,1
il,none,Reconnaissance,7,7
ip,none,Analysis,8,8
ip,none,Backdoor,7,7
ip,none,DoS,44,44
ip,none,Exploits,55,55
ip,none,Fuzzers,10,10
ip,none,Generic,1,1
ip,none,Reconnaissance,7,7
ipcomp,none,Analysis,8,8
ipcomp,none,Backdoor,7,7
ipcomp,none,DoS,44,44
ipcomp,none,Exploits,55,55
ipcomp,none,Fuzzers,10,10
ipcomp,none,Generic,1,1
ipcomp,none,Reconnaissance,7,7
ipcv,none,Analysis,8,8
ipcv,none,Backdoor,7,7
ipcv,none,DoS,44,44
ipcv,none,Exploits,55,55
ipcv,none,Fuzzers,10,10
ipcv,none,Generic,1,1
ipcv,none,Reconnaissance,7,7
ipip,none,Analysis,8,8
ipip,none,Backdoor,7,7
ipip,none,DoS,44,44
ipip,none,Exploits,55,55
ipip,none,Fuzzers,10,10
ipip,none,Generic,1,1
ipip,none,Reconnaissance,7,7
iplt,none,Analysis,8,8
iplt,none,Backdoor,7,7
iplt,none,DoS,44,44
iplt,none,Exploits,55,55
iplt,none,Fuzzers,10,10
iplt,none,Generic,1,1
iplt,none,Reconnaissance,7,7
ipnip,none,Analysis,8,8
ipnip,none,Backdoor,7,7
ipnip,none,DoS,44,44
ipnip,none,Exploits,55,55
ipnip,none,Fuzzers,10,10
ipnip,none,Generic,1,1
ipnip,none,Reconnaissance,7,7
ippc,none,Analysis,8,8
ippc,none,Backdoor,7,7
ippc,none,DoS,44,44
ippc,none,Exploits,55,55
ippc,none,Fuzzers,10,10
ippc,none,Generic,1,1
ippc,none,Reconnaissance,7,7
ipv6,none,Analysis,9,9
ipv6,none,Backdoor,12,12
ipv6,none,DoS,84,84
ipv6,none,Exploits,123,123
ipv6,none,Fuzzers,16,16
ipv6,none,Generic,4,4
ipv6,none,Reconnaissance,14,14
ipv6-frag,none,Analysis,8,8
ipv6-frag,none,Backdoor,7,7
ipv6-frag,none,DoS,44,44
ipv6-frag,none,Exploits,55,55
ipv6-frag,none,Fuzzers,10,10
ipv6-frag,none,Generic,1,1
ipv6-frag,none,Reconnaissance,7,7
ipv6-no,none,Analysis,8,8
ipv6-no,none,Backdoor,7,7
ipv6-no,none,DoS,44,44
ipv6-no,none,Exploits,55,55
ipv6-no,none,Fuzzers,10,10
ipv6-no,none,Generic,1,1
ipv6-no,none,Reconnaissance,7,7
ipv6-opts,none,Analysis,8,8
ipv6-opts,none,Backdoor,7,7
ipv6-opts,none,DoS,44,44
ipv6-opts,none,Exploits,55,55
ipv6-opts,none,Fuzzers,10,10
ipv6-opts,none,Generic,1,1
ipv6-opts,none,Reconnaissance,7,7
ipv6-route,none,Analysis,8,8
ipv6-route,none,Backdoor,7,7
ipv6-route,none,DoS,44,44
ipv6-route,none,Exploits,55,55
ipv6-route,none,Fuzzers,10,10
ipv6-route,none,Generic,1,1
ipv6-route,none,Reconnaissance,7,7
ipx-n-ip,none,Analysis,8,8
ipx-n-ip,none,Backdoor,7,7
ipx-n-ip,none,DoS,44,44
ipx-n-ip,none,Exploits,55,55
ipx-n-ip,none,Fuzzers,10,10
ipx-n-ip,none,Generic,1,1
ipx-n-ip,none,Reconnaissance,7,7
irtp,none,Analysis,8,8
irtp,none,Backdoor,7,7
irtp,none,DoS,44,44
irtp,none,Exploits,55,55
irtp,none,Fuzzers,10,10
irtp,none,Generic,1,1
irtp,none,Reconnaissance,7,7
isis,none,Analysis,8,8
isis,none,Backdoor,7,7
isis,none,DoS,44,44
isis,none,Exploits,55,55
isis,none,Fuzzers,10,10
isis,none,Generic,1,1
isis,none,Reconnaissance,7,7
iso-ip,none,Analysis,8,8
iso-ip,none,Backdoor,7,7
iso-ip,none,DoS,44,44
iso-ip,none,Exploits,55,55
iso-ip,none,Fuzzers,10,10
iso-ip,none,Generic,1,1
iso-ip,none,Reconnaissance,7,7
iso-tp4,none,Analysis,8,8
iso-tp4,none,Backdoor,7,7
iso-tp4,none,DoS,44,44
iso-tp4,none,Exploits,55,55
iso-tp4,none,Fuzzers,10,10
iso-tp4,none,Generic,1,1
iso-tp4,none,Reconnaissance,7,7
kryptolan,none,Analysis,8,8
kryptolan,none,Backdoor,7,7
kryptolan,none,DoS,44,44
kryptolan,none,Exploits,55,55
kryptolan,none,Fuzzers,10,10
kryptolan,none,Generic,1,1
kryptolan,none,Reconnaissance,7,7
l2tp,none,Analysis,8,8
l2tp,none,Backdoor,7,7
l2tp,none,DoS,44,44
l2tp,none,Exploits,55,55
l2tp,none,Fuzzers,10,10
l2tp,none,Generic,1,1
l2tp,none,Reconnaissance,7,7
larp,none,Analysis,8,8
larp,none,Backdoor,7,7
larp,none,DoS,44,44
larp,none,Exploits,55,55
larp,none,Fuzzers,10,10
larp,none,Generic,1,1
larp,none,Reconnaissance,7,7
leaf-1,none,Analysis,8,8
leaf-1,none,Backdoor,7,7
leaf-1,none,DoS,44,44
leaf-1,none,Exploits,55,55
leaf-1,none,Fuzzers,10,10
leaf-1,none,Generic,2,2
leaf-1,none,Reconnaissance,7,7
leaf-2,none,Analysis,8,8
leaf-2,none,Backdoor,7,7
leaf-2,none,DoS,44,44
leaf-2,none,Exploits,55,55
leaf-2,none,Fuzzers,10,10
leaf-2,none,Generic,1,1
leaf-2,none,Reconnaissance,7,7
merit-inp,none,Analysis,8,8
merit-inp,none,Backdoor,7,7
merit-inp,none,DoS,44,44
merit-inp,none,Exploits,55,55
merit-inp,none,Fuzzers,10,10
merit-inp,none,Generic,1,1
merit-inp,none,Reconnaissance,7,7
mfe-nsp,none,Analysis,8,8
mfe-nsp,none,Backdoor,7,7
mfe-nsp,none,DoS,44,44
mfe-nsp,none,Exploits,55,55
mfe-nsp,none,Fuzzers,10,10
mfe-nsp,none,Generic,1,1
mfe-nsp,none,Reconnaissance,7,7
mhrp,none,Analysis,8,8
mhrp,none,Backdoor,7,7
mhrp,none,DoS,44,44
mhrp,none,Exploits,55,55
mhrp,none,Fuzzers,10,10
mhrp,none,Generic,1,1
mhrp,none,Reconnaissance,7,7
micp,none,Analysis,8,8
micp,none,Backdoor,7,7
micp,none,DoS,44,44
micp,none,Exploits,55,55
micp,none,Fuzzers,10,10
micp,none,Generic,1,1
micp,none,Reconnaissance,7,7
mobile,none,Analysis,9,9
mobile,none,Backdoor,14,14
mobile,none,DoS,80,80
mobile,none,Exploits,116,116
mobile,none,Fuzzers,15,15
mobile,none,Generic,4,4
mobile,none,Reconnaissance,15,15
mtp,none,Analysis,8,8
mtp,none,Backdoor,7,7
mtp,none,DoS,44,44
mtp,none,Exploits,55,55
mtp,none,Fuzzers,10,10
mtp,none,Generic,1,1
mtp,none,Reconnaissance,7,7
mux,none,Analysis,8,8
mux,none,Backdoor,7,7
mux,none,DoS,44,44
mux,none,Exploits,55,55
mux,none,Fuzzers,10,10
mux,none,Generic,1,1
mux,none,Reconnaissance,7,7
narp,none,Analysis,8,8
narp,none,Backdoor,7,7
narp,none,DoS,44,44
narp,none,Exploits,55,55
narp,none,Fuzzers,10,10
narp,none,Generic,1,1
narp,none,Reconnaissance,7,7
netblt,none,Analysis,8,8
netblt,none,Backdoor,7,7
netblt,none,DoS,44,44
netblt,none,Exploits,55,55
netblt,none,Fuzzers,10,10
netblt,none,Reconnaissance,7,7
nsfnet-igp,none,Analysis,8,8
nsfnet-igp,none,Backdoor,7,7
nsfnet-igp,none,DoS,44,44
nsfnet-igp,none,Exploits,55,55
nsfnet-igp,none,Fuzzers,10,10
nsfnet-igp,none,Generic,1,1
nsfnet-igp,none,Reconnaissance,7,7
nvp,none,Analysis,8,8
nvp,none,Backdoor,7,7
nvp,none,DoS,44,44
nvp,none,Exploits,55,55
nvp,none,Fuzzers,10,10
nvp,none,Generic,1,1
nvp,none,Reconnaissance,7,7
ospf,none,Analysis,75,75
ospf,none,Backdoor,162,162
ospf,none,DoS,944,944
ospf,none,Exploits,1504,1504
ospf,none,Fuzzers,210,210
ospf,none,Generic,45,45
ospf,none,Normal,102,0
ospf,none,Reconnaissance,229,229
pgm,none,Analysis,8,8
pgm,none,Backdoor,7,7
pgm,none,DoS,44,44
pgm,none,Exploits,55,55
pgm,none,Fuzzers,10,10
pgm,none,Generic,1,1
pgm,none,Reconnaissance,7,7
pim,none,Analysis,9,9
pim,none,Backdoor,14,14
pim,none,DoS,80,80
pim,none,Exploits,116,116
pim,none,Fuzzers,15,15
pim,none,Generic,4,4
pim,none,Reconnaissance,15,15
pipe,none,Analysis,8,8
pipe,none,Backdoor,7,7
pipe,none,DoS,44,44
pipe,none,Exploits,55,55
pipe,none,Fuzzers,10,10
pipe,none,Generic,1,1
pipe,none,Reconnaissance,7,7
pnni,none,Analysis,8,8
pnni,none,Backdoor,7,7
pnni,none,DoS,44,44
pnni,none,Exploits,55,55
pnni,none,Fuzzers,10,10
pnni,none,Generic,1,1
pnni,none,Reconnaissance,7,7
pri-enc,none,Analysis,8,8
pri-enc,none,Backdoor,7,7
pri-enc,none,DoS,44,44
pri-enc,none,Exploits,55,55
pri-enc,none,Fuzzers,10,10
pri-enc,none,Generic,1,1
pri-enc,none,Reconnaissance,7,7
prm,none,Analysis,8,8
prm,none,Backdoor,7,7
prm,none,DoS,44,44
prm,none,Exploits,55,55
prm,none,Fuzzers,10,10
prm,none,Generic,2,2
prm,none,Reconnaissance,7,7
ptp,none,Analysis,8,8
ptp,none,Backdoor,7,7
ptp,none,DoS,44,44
ptp,none,Exploits,55,55
ptp,none,Fuzzers,10,10
ptp,none,Generic,1,1
ptp,none,Reconnaissance,7,7
pup,none,Analysis,8,8
pup,none,Backdoor,7,7
pup,none,DoS,44,44
pup,none,Exploits,55,55
pup,none,Fuzzers,10,10
pup,none,Generic,1,1
pup,none,Reconnaissance,7,7
pvp,none,Analysis,8,8
pvp,none,Backdoor,7,7
pvp,none,DoS,44,44
pvp,none,Exploits,55,55
pvp,none,Fuzzers,10,10
pvp,none,Generic,1,1
pvp,none,Reconnaissance,7,7
qnx,none,Analysis,8,8
qnx,none,Backdoor,7,7
qnx,none,DoS,44,44
qnx,none,Exploits,55,55
qnx,none,Fuzzers,10,10
qnx,none,Generic,1,1
qnx,none,Reconnaissance,7,7
rdp,none,Analysis,8,8
rdp,none,Backdoor,7,7
rdp,none,DoS,44,44
rdp,none,Exploits,55,55
rdp,none,Fuzzers,10,10
rdp,none,Reconnaissance,7,7
rsvp,none,Analysis,16,16
rsvp,none,Backdoor,14,14
rsvp,none,DoS,88,88
rsvp,none,Exploits,110,110
rsvp,none,Fuzzers,20,20
rsvp,none,Generic,2,2
rsvp,none,Reconnaissance,14,14
rtp,none,Normal,1,0
rvd,none,Analysis,8,8
rvd,none,Backdoor,7,7
rvd,none,DoS,44,44
rvd,none,Exploits,55,55
rvd,none,Fuzzers,10,10
rvd,none,Generic,1,1
rvd,none,Reconnaissance,7,7
sat-expak,none,Analysis,8,8
sat-expak,none,Backdoor,7,7
sat-expak,none,DoS,44,44
sat-expak,none,Exploits,55,55
sat-expak,none,Fuzzers,10,10
sat-expak,none,Generic,1,1
sat-expak,none,Reconnaissance,7,7
sat-mon,none,Analysis,8,8
sat-mon,none,Backdoor,7,7
sat-mon,none,DoS,44,44
sat-mon,none,Exploits,55,55
sat-mon,none,Fuzzers,10,10
sat-mon,none,Generic,1,1
sat-mon,none,Reconnaissance,7,7
sccopmce,none,Analysis,8,8
sccopmce,none,Backdoor,7,7
sccopmce,none,DoS,44,44
sccopmce,none,Exploits,55,55
sccopmce,none,Fuzzers,10,10
sccopmce,none,Generic,1,1
sccopmce,none,Reconnaissance,7,7
scps,none,Analysis,8,8
scps,none,Backdoor,7,7
scps,none,DoS,44,44
scps,none,Exploits,55,55
scps,none,Fuzzers,10,10
scps,none,Generic,1,1
scps,none,Reconnaissance,7,7
sctp,none,Analysis,26,26
sctp,none,Backdoor,69,69
sctp,none,DoS,426,426
sctp,none,Exploits,739,739
sctp,none,Fuzzers,76,76
sctp,none,Generic,25,25
sctp,none,Reconnaissance,113,113
sdrp,none,Analysis,8,8
sdrp,none,Backdoor,7,7
sdrp,none,DoS,44,44
sdrp,none,Exploits,55,55
sdrp,none,Fuzzers,10,10
sdrp,none,Generic,1,1
sdrp,none,Reconnaissance,7,7
secure-vmtp,none,Analysis,8,8
secure-vmtp,none,Backdoor,7,7
secure-vmtp,none,DoS,44,44
secure-vmtp,none,Exploits,55,55
secure-vmtp,none,Fuzzers,10,10
secure-vmtp,none,Generic,1,1
secure-vmtp,none,Reconnaissance,7,7
sep,none,Analysis,9,9
sep,none,Backdoor,12,12
sep,none,DoS,83,83
sep,none,Exploits,109,109
sep,none,Fuzzers,17,17
sep,none,Generic,4,4
sep,none,Reconnaissance,17,17
skip,none,Analysis,8,8
skip,none,Backdoor,7,7
skip,none,DoS,44,44
skip,none,Exploits,55,55
skip,none,Fuzzers,10,10
skip,none,Generic,1,1
skip,none,Reconnaissance,7,7
sm,none,Analysis,8,8
sm,none,Backdoor,7,7
sm,none,DoS,44,44
sm,none,Exploits,55,55
sm,none,Fuzzers,10,10
sm,none,Generic,1,1
sm,none,Reconnaissance,7,7
smp,none,Analysis,8,8
smp,none,Backdoor,7,7
smp,none,DoS,44,44
smp,none,Exploits,55,55
smp,none,Fuzzers,10,10
smp,none,Generic,1,1
smp,none,Reconnaissance,7,7
snp,none,Analysis,8,8
snp,none,Backdoor,7,7
snp,none,DoS,44,44
snp,none,Exploits,55,55
snp,none,Fuzzers,10,10
snp,none,Generic,1,1
snp,none,Reconnaissance,7,7
sprite-rpc,none,Analysis,8,8
sprite-rpc,none,Backdoor,7,7
sprite-rpc,none,DoS,44,44
sprite-rpc,none,Exploits,55,55
sprite-rpc,none,Fuzzers,10,10
sprite-rpc,none,Generic,1,1
sprite-rpc,none,Reconnaissance,7,7
sps,none,Analysis,8,8
sps,none,Backdoor,7,7
sps,none,DoS,44,44
sps,none,Exploits,55,55
sps,none,Fuzzers,10,10
sps,none,Generic,1,1
sps,none,Reconnaissance,7,7
srp,none,Analysis,8,8
srp,none,Backdoor,7,7
srp,none,DoS,44,44
srp,none,Exploits,55,55
srp,none,Fuzzers,10,10
srp,none,Generic,1,1
srp,none,Reconnaissance,7,7
st2,none,Analysis,8,8
st2,none,Backdoor,7,7
st2,none,DoS,44,44
st2,none,Exploits,55,55
st2,none,Fuzzers,10,10
st2,none,Generic,1,1
st2,none,Reconnaissance,7,7
stp,none,Analysis,8,8
stp,none,Backdoor,7,7
stp,none,DoS,44,44
stp,none,Exploits,55,55
stp,none,Fuzzers,10,10
stp,none,Generic,1,1
stp,none,Reconnaissance,7,7
sun-nd,none,Analysis,9,9
sun-nd,none,Backdoor,14,14
sun-nd,none,DoS,80,80
sun-nd,none,Exploits,116,116
sun-nd,none,Fuzzers,15,15
sun-nd,none,Generic,6,6
sun-nd,none,Reconnaissance,15,15
swipe,none,Analysis,9,9
swipe,none,Backdoor,14,14
swipe,none,DoS,80,80
swipe,none,Exploits,116,116
swipe,none,Fuzzers,15,15
swipe,none,Generic,4,4
swipe,none,Reconnaissance,15,15
tcf,none,Analysis,8,8
tcf,none,Backdoor,7,7
tcf,none,DoS,44,44
tcf,none,Exploits,55,55
tcf,none,Fuzzers,10,10
tcf,none,Generic,1,1
tcf,none,Reconnaissance,7,7
tcp,dns,DoS,31,31
tcp,dns,Exploits,7,7
tcp,dns,Generic,2,2
tcp,dns,Reconnaissance,20,20
tcp,ftp,Backdoor,7,7
tcp,ftp,DoS,73,73
tcp,ftp,Exploits,2115,2115
tcp,ftp,Fuzzers,804,804
tcp,ftp,Generic,5,5
tcp,ftp,Normal,1976,0
tcp,ftp-data,DoS,14,14
tcp,ftp-data,Exploits,1876,1876
tcp,ftp-data,Normal,3501,0
tcp,http,Analysis,558,558
tcp,http,Backdoor,92,92
tcp,http,DoS,1709,1709
tcp,http,Exploits,11481,11481
tcp,http,Fuzzers,1087,1087
tcp,http,Generic,502,502
tcp,http,Normal,9361,0
tcp,http,Reconnaissance,2073,2073
tcp,http,Worms,148,148
tcp,irc,Backdoor,11,11
tcp,irc,DoS,7,7
tcp,irc,Exploits,12,12
tcp,none,Analysis,58,58
tcp,none,Backdoor,213,213
tcp,none,DoS,1005,1005
tcp,none,Exploits,6289,6289
tcp,none,Fuzzers,13583,13583
tcp,none,Generic,350,350
tcp,none,Normal,48422,0
tcp,none,Reconnaissance,4865,4865
tcp,none,Shellcode,750,750
tcp,none,Worms,5,5
tcp,pop3,DoS,87,87
tcp,pop3,Exploits,1435,1435
tcp,pop3,Generic,2,2
tcp,pop3,Normal,4,0
tcp,smtp,Analysis,6,6
tcp,smtp,DoS,402,402
tcp,smtp,Exploits,4162,4162
tcp,smtp,Generic,118,118
tcp,smtp,Normal,2214,0
tcp,smtp,Reconnaissance,7,7
tcp,ssh,Exploits,14,14
tcp,ssh,Generic,1,1
tcp,ssh,Normal,1491,0
tcp,ssl,DoS,8,8
tcp,ssl,Exploits,52,52
tcp,ssl,Generic,26,26
tlsp,none,Analysis,8,8
tlsp,none,Backdoor,7,7
tlsp,none,DoS,44,44
tlsp,none,Exploits,55,55
tlsp,none,Fuzzers,10,10
tlsp,none,Generic,1,1
tlsp,none,Reconnaissance,7,7
tp++,none,Analysis,8,8
tp++,none,Backdoor,7,7
tp++,none,DoS,44,44
tp++,none,Exploits,55,55
tp++,none,Fuzzers,10,10
tp++,none,Generic,1,1
tp++,none,Reconnaissance,7,7
trunk-1,none,Analysis,8,8
trunk-1,none,Backdoor,7,7
trunk-1,none,DoS,44,44
trunk-1,none,Exploits,55,55
trunk-1,none,Fuzzers,10,10
trunk-1,none,Generic,1,1
trunk-1,none,Reconnaissance,7,7
trunk-2,none,Analysis,8,8
trunk-2,none,Backdoor,7,7
trunk-2,none,DoS,44,44
trunk-2,none,Exploits,55,55
trunk-2,none,Fuzzers,10,10
trunk-2,none,Generic,1,1
trunk-2,none,Reconnaissance,7,7
ttp,none,Analysis,8,8
ttp,none,Backdoor,7,7
ttp,none,DoS,44,44
ttp,none,Exploits,55,55
ttp,none,Fuzzers,10,10
ttp,none,Generic,1,1
ttp,none,Reconnaissance,7,7
udp,dhcp,DoS,42,42
udp,dhcp,Exploits,64,64
udp,dhcp,Generic,14,14
udp,dns,DoS,116,116
udp,dns,Exploits,246,246
udp,dns,Fuzzers,375,375
udp,dns,Generic,57276,57276
udp,dns,Normal,10561,0
udp,dns,Reconnaissance,27,27
udp,none,Backdoor,34,34
udp,none,DoS,350,350
udp,none,Exploits,548,548
udp,none,Fuzzers,5668,5668
udp,none,Generic,232,232
udp,none,Normal,11453,0
udp,none,Reconnaissance,4783,4783
udp,none,Shellcode,761,761
udp,none,Worms,21,21
udp,radius,Exploits,9,9
udp,radius,Generic,8,8
udp,radius,Normal,4,0
udp,snmp,DoS,19,19
udp,snmp,Exploits,7,7
udp,snmp,Generic,2,2
udp,snmp,Normal,1,0
udp,snmp,Reconnaissance,80,80
unas,none,Analysis,926,926
unas,none,Backdoor,806,806
unas,none,DoS,5246,5246
unas,none,Exploits,6532,6532
unas,none,Fuzzers,1132,1132
unas,none,Generic,117,117
unas,none,Reconnaissance,840,840
uti,none,Analysis,8,8
uti,none,Backdoor,7,7
uti,none,DoS,44,44
uti,none,Exploits,55,55
uti,none,Fuzzers,10,10
uti,none,Generic,1,1
uti,none,Reconnaissance,7,7
vines,none,Analysis,8,8
vines,none,Backdoor,7,7
vines,none,DoS,44,44
vines,none,Exploits,55,55
vines,none,Fuzzers,10,10
vines,none,Generic,1,1
vines,none,Reconnaissance,7,7
visa,none,Analysis,8,8
visa,none,Backdoor,7,7
visa,none,DoS,44,44
visa,none,Exploits,55,55
visa,none,Fuzzers,10,10
visa,none,Generic,1,1
visa,none,Reconnaissance,7,7
vmtp,none,Analysis,8,8
vmtp,none,Backdoor,7,7
vmtp,none,DoS,44,44
vmtp,none,Exploits,55,55
vmtp,none,Fuzzers,10,10
vmtp,none,Generic,1,1
vmtp,none,Reconnaissance,7,7
vrrp,none,Analysis,8,8
vrrp,none,Backdoor,7,7
vrrp,none,DoS,44,44
vrrp,none,Exploits,55,55
vrrp,none,Fuzzers,10,10
vrrp,none,Generic,1,1
vrrp,none,Reconnaissance,7,7
wb-expak,none,Analysis,8,8
wb-expak,none,Backdoor,7,7
wb-expak,none,DoS,44,44
wb-expak,none,Exploits,55,55
wb-expak,none,Fuzzers,10,10
wb-expak,none,Generic,1,1
wb-expak,none,Reconnaissance,7,7
wb-mon,none,Analysis,8,8
wb-mon,none,Backdoor,7,7
wb-mon,none,DoS,44,44
wb-mon,none,Exploits,55,55
wb-mon,none,Fuzzers,10,10
wb-mon,none,Generic,1,1
wb-mon,none,Reconnaissance,7,7
wsn,none,Analysis,8,8
wsn,none,Backdoor,7,7
wsn,none,DoS,44,44
wsn,none,Exploits,55,55
wsn,none,Fuzzers,10,10
wsn,none,Generic,1,1
wsn,none,Reconnaissance,7,7
xnet,none,Analysis,8,8
xnet,none,Backdoor,7,7
xnet,none,DoS,44,44
xnet,none,Exploits,55,55
xnet,none,Fuzzers,10,10
xnet,none,Generic,1,1
xnet,none,Reconnaissance,7,7
xns-idp,none,Analysis,8,8
xns-idp,none,Backdoor,7,7
xns-idp,none,DoS,44,44
xns-idp,none,Exploits,55,55
xns-idp,none,Fuzzers,10,10
xns-idp,none,Generic,2,2
xns-idp,none,Reconnaissance,7,7
xtp,none,Analysis,8,8
xtp,none,Backdoor,7,7
xtp,none,DoS,44,44
xtp,none,Exploits,55,55
xtp,none,Fuzzers,10,10
xtp,none,Generic,1,1
xtp,none,Reconnaissance,7,7
zero,none,Analysis,8,8
zero,none,Backdoor,7,7
zero,none,DoS,44,44
zero,none,Exploits,55,55
zero,none,Fuzzers,10,10
zero,none,Generic,1,1
zero,none,Reconnaissance,7,7
