proto,service,state,flows,max_risk,mean_risk,p95_risk,critical_flows,predicted_attack_flows,true_attack_flows,distinct_pred_attack_types,segment,segment_risk_bucket
udp,dns,INT,18263,88.63,82.48,85.25,18235,18236,18234,6,udp/dns/INT,Critical
tcp,http,FIN,8270,88.84,60.08,84.74,3524,5147,4269,8,tcp/http/FIN,High
unas,none,INT,3515,91.49,87.14,88.37,3515,3515,3515,3,unas/none/INT,Critical
udp,none,INT,6362,88.83,64.89,81.07,1871,4864,2865,7,udp/none/INT,High
tcp,none,FIN,25629,86.5,35.0,76.82,1587,10358,7985,6,tcp/none/FIN,Medium
tcp,smtp,FIN,1836,86.73,65.34,86.37,1201,1204,1204,5,tcp/smtp/FIN,High
tcp,ftp,FIN,1541,86.78,60.92,86.2,524,913,788,4,tcp/ftp/FIN,High
ospf,none,INT,524,86.55,84.55,86.26,523,523,523,4,ospf/none/INT,Critical
tcp,ftp-data,FIN,1390,86.4,45.46,84.72,445,447,447,2,tcp/ftp-data/FIN,Medium
tcp,pop3,FIN,420,86.67,84.07,86.27,417,420,420,2,tcp/pop3/FIN,Critical
sctp,none,INT,205,88.88,86.65,88.88,205,205,205,3,sctp/none/INT,Critical
sctp,none,CON,119,89.86,87.87,89.86,119,119,119,3,sctp/none/CON,Critical
ospf,none,REQ,152,85.92,73.9,85.92,115,115,115,5,ospf/none/REQ,High
any,none,INT,96,88.86,87.2,88.86,96,96,96,3,any/none/INT,Critical
udp,none,CON,1611,86.96,30.68,82.36,96,96,96,3,udp/none/CON,Medium
gre,none,INT,88,89.92,87.68,89.92,88,88,88,2,gre/none/INT,Critical
rsvp,none,INT,64,91.34,89.24,91.34,64,64,64,2,rsvp/none/INT,Critical
ipv6,none,INT,61,91.16,87.26,91.16,61,61,61,2,ipv6/none/INT,Critical
sun-nd,none,INT,54,89.17,87.9,89.17,54,54,54,2,sun-nd/none/INT,Critical
mobile,none,INT,52,88.87,87.61,88.87,52,52,52,3,mobile/none/INT,Critical
swipe,none,INT,52,88.86,87.54,88.86,52,52,52,3,swipe/none/INT,Critical
pim,none,INT,52,88.99,87.4,88.99,52,52,52,3,pim/none/INT,Critical
udp,dns,CON,3083,86.48,18.96,31.13,44,44,44,2,udp/dns/CON,Low
sep,none,INT,58,87.67,82.1,87.67,38,58,58,2,sep/none/INT,Critical
bbn-rcc,none,INT,34,87.62,86.54,87.62,34,34,34,3,bbn-rcc/none/INT,Critical
xns-idp,none,INT,34,87.2,86.36,87.2,34,34,34,2,xns-idp/none/INT,Critical
leaf-1,none,INT,34,87.24,86.36,87.24,34,34,34,1,leaf-1/none/INT,Critical
prm,none,INT,34,86.58,86.04,86.58,34,34,34,2,prm/none/INT,Critical
tcp,none,CON,2043,85.89,36.73,41.03,34,49,51,4,tcp/none/CON,Medium
emcon,none,INT,33,90.19,88.18,90.19,33,33,33,2,emcon/none/INT,Critical
rdp,none,INT,33,88.77,88.13,88.77,33,33,33,2,rdp/none/INT,Critical
st2,none,INT,33,87.54,87.4,87.54,33,33,33,1,st2/none/INT,Critical
mux,none,INT,33,87.43,87.37,87.43,33,33,33,1,mux/none/INT,Critical
egp,none,INT,33,87.53,87.29,87.53,33,33,33,1,egp/none/INT,Critical
cbt,none,INT,33,87.32,87.2,87.32,33,33,33,1,cbt/none/INT,Critical
dcn,none,INT,33,87.33,87.14,87.33,33,33,33,1,dcn/none/INT,Critical
ggp,none,INT,33,87.26,86.9,87.26,33,33,33,1,ggp/none/INT,Critical
ipnip,none,INT,33,86.97,86.87,86.97,33,33,33,1,ipnip/none/INT,Critical
hmp,none,INT,33,86.92,86.81,86.92,33,33,33,1,hmp/none/INT,Critical
ip,none,INT,33,86.82,86.81,86.82,33,33,33,1,ip/none/INT,Critical
pup,none,INT,33,87.62,86.7,87.62,33,33,33,2,pup/none/INT,Critical
nvp,none,INT,33,87.53,86.65,87.53,33,33,33,2,nvp/none/INT,Critical
chaos,none,INT,33,87.53,86.58,87.53,33,33,33,1,chaos/none/INT,Critical
igp,none,INT,33,87.62,86.56,87.62,33,33,33,2,igp/none/INT,Critical
xnet,none,INT,33,87.62,86.56,87.62,33,33,33,2,xnet/none/INT,Critical
argus,none,INT,33,87.31,86.38,87.31,33,33,33,2,argus/none/INT,Critical
trunk-1,none,INT,33,87.28,86.35,87.28,33,33,33,2,trunk-1/none/INT,Critical
iso-tp4,none,INT,33,87.49,86.28,87.49,33,33,33,2,iso-tp4/none/INT,Critical
irtp,none,INT,33,86.98,86.23,86.98,33,33,33,1,irtp/none/INT,Critical
trunk-2,none,INT,33,87.28,86.14,87.28,33,33,33,1,trunk-2/none/INT,Critical
