proto,service,state,flows,attack_flows,attack_rate_pct,distinct_attack_types
udp,dns,INT,57692,57637,99.9,5
tcp,none,FIN,69814,26976,38.64,9
tcp,http,FIN,26972,17623,65.34,8
unas,none,INT,15599,15599,100.0,7
udp,none,INT,18405,12014,65.28,7
tcp,smtp,FIN,6844,4633,67.69,5
tcp,ftp,FIN,4960,2990,60.28,5
ospf,none,INT,2294,2289,99.78,7
tcp,ftp-data,FIN,5383,1888,35.07,2
tcp,pop3,FIN,1520,1516,99.74,3
ospf,none,REQ,977,880,90.07,7
sctp,none,INT,825,825,100.0,7
sctp,none,CON,649,649,100.0,7
any,none,INT,396,396,100.0,7
gre,none,INT,313,313,100.0,7
udp,none,CON,5334,296,5.55,5
rsvp,none,INT,264,264,100.0,7
ipv6,none,INT,262,262,100.0,7
sun-nd,none,INT,255,255,100.0,7
mobile,none,INT,253,253,100.0,7
pim,none,INT,253,253,100.0,7
swipe,none,INT,253,253,100.0,7
sep,none,INT,251,251,100.0,7
udp,dns,REQ,234,234,100.0,1
udp,dns,CON,10675,169,1.58,2
