service,attack_cat,flows,rnk
dhcp,Exploits,64,1
dhcp,DoS,42,2
dhcp,Generic,14,3
dns,Generic,57278,1
dns,Fuzzers,375,2
dns,Exploits,253,3
ftp,Exploits,2115,1
ftp,Fuzzers,804,2
ftp,DoS,73,3
ftp-data,Exploits,1876,1
ftp-data,DoS,14,2
http,Exploits,11481,1
http,Reconnaissance,2073,2
http,DoS,1709,3
irc,Exploits,12,1
irc,Backdoor,11,2
irc,DoS,7,3
none,Exploits,23045,1
none,Fuzzers,21980,2
none,DoS,13845,3
pop3,Exploits,1435,1
pop3,DoS,87,2
pop3,Generic,2,3
radius,Exploits,9,1
radius,Generic,8,2
smtp,Exploits,4162,1
smtp,DoS,402,2
smtp,Generic,118,3
snmp,Reconnaissance,80,1
snmp,DoS,19,2
snmp,Exploits,7,3
ssh,Exploits,14,1
ssh,Generic,1,2
ssl,Exploits,52,1
ssl,Generic,26,2
ssl,DoS,8,3
