bytes_bin,min_sbytes,max_sbytes,flows,attack_flows,attack_rate_pct,rolling3_attack_flows,rolling3_attack_rate_pct
1,24,114,12884,4695,36.44,4695,36.44
2,114,114,12884,12884,100.0,17579,68.22
3,114,114,12884,12884,100.0,30463,78.81
4,114,114,12884,12884,100.0,38652,100.0
5,114,114,12884,12884,100.0,38652,100.0
6,114,146,12884,4933,38.29,30701,79.43
7,146,200,12884,9502,73.75,27319,70.68
8,200,200,12884,12884,100.0,27319,70.68
9,200,200,12884,12884,100.0,35270,91.25
10,200,528,12884,7482,58.07,33250,86.02
11,528,566,12884,7102,55.12,27468,71.06
12,566,774,12884,6222,48.29,20806,53.83
13,774,878,12884,8646,67.11,21970,56.84
14,878,1048,12883,7704,59.8,22572,58.4
15,1048,1362,12883,9529,73.97,25879,66.96
16,1362,1684,12883,2827,21.94,20060,51.9
17,1684,2766,12883,4983,38.68,17339,44.86
18,2766,4136,12883,2668,20.71,10478,27.11
19,4136,13454,12883,3788,29.4,11439,29.6
20,13454,14355774,12883,7288,56.57,13744,35.56
