dur_bin,attack_cat,flows,attack_flows
0: 0s,Analysis,1,1
0: 0s,Backdoor,1,1
0: 0s,DoS,11,11
0: 0s,Exploits,15,15
0: 0s,Fuzzers,20,20
0: 0s,Generic,11,11
0: 0s,Normal,3543,0
0: 0s,Reconnaissance,5,5
1: <1ms,Analysis,1945,1945
1: <1ms,Backdoor,1753,1753
1: <1ms,DoS,11569,11569
1: <1ms,Exploits,14665,14665
1: <1ms,Fuzzers,7978,7978
1: <1ms,Generic,57749,57749
1: <1ms,Normal,9833,0
1: <1ms,Reconnaissance,6708,6708
1: <1ms,Shellcode,761,761
1: <1ms,Worms,21,21
2: 1-10ms,Backdoor,1,1
2: 1-10ms,DoS,8,8
2: 1-10ms,Exploits,13,13
2: 1-10ms,Normal,18087,0
3: 10-100ms,Backdoor,16,16
3: 10-100ms,DoS,56,56
3: 10-100ms,Exploits,131,131
3: 10-100ms,Fuzzers,3,3
3: 10-100ms,Generic,5,5
3: 10-100ms,Normal,18254,0
3: 10-100ms,Reconnaissance,6,6
4: 0.1-1s,Analysis,398,398
4: 0.1-1s,Backdoor,289,289
4: 0.1-1s,DoS,2306,2306
4: 0.1-1s,Exploits,14865,14865
4: 0.1-1s,Fuzzers,9497,9497
4: 0.1-1s,Generic,597,597
4: 0.1-1s,Normal,26183,0
4: 0.1-1s,Reconnaissance,4629,4629
4: 0.1-1s,Shellcode,636,636
4: 0.1-1s,Worms,103,103
5: 1-10s,Analysis,257,257
5: 1-10s,Backdoor,155,155
5: 1-10s,DoS,1579,1579
5: 1-10s,Exploits,13403,13403
5: 1-10s,Fuzzers,5584,5584
5: 1-10s,Generic,446,446
5: 1-10s,Normal,15373,0
5: 1-10s,Reconnaissance,2462,2462
5: 1-10s,Shellcode,112,112
5: 1-10s,Worms,49,49
6: >=10s,Analysis,76,76
6: >=10s,Backdoor,114,114
6: >=10s,DoS,824,824
6: >=10s,Exploits,1433,1433
6: >=10s,Fuzzers,1164,1164
6: >=10s,Generic,63,63
6: >=10s,Normal,1727,0
6: >=10s,Reconnaissance,177,177
6: >=10s,Shellcode,2,2
6: >=10s,Worms,1,1
